#CHROM	POS	ID	REF	ALT	QUAL	FILTER	INFO	EFFECT	PUTATIVE_IMPACT	GENE_NAME	GENE_ID	FEATURE_TYPE	FEATURE_ID	TRANSCRIPT_TYPE	EXON_INTRON_RANK	HGVSc	HGVSp	cDNA_POSITION_AND_LENGTH	CDS_POSITION_AND_LENGTH	PROTEIN_POSITION_AND_LENGTH	DISTANCE_TO_FEATURE	ERROR
MN908947.3	685	.	AAAGTCATTT	A	93.0	PASS	DP=3854;AF=0.001816;SB=0;DP4=3779,66,7,0;INDEL;HRUN=3;ANN=A	conservative_inframe_deletion	MODERATE	orf1ab	Gene_265_21554	transcript	QHD43415.1	protein_coding	1/2	c.421_429delAAGTCATTT	p.Lys141_Phe143del	421/21291	421/21291	141/7096		
MN908947.3	817	.	C	T	177.0	PASS	DP=7562;AF=0.003174;SB=0;DP4=3768,3768,12,12;ANN=T	synonymous_variant	LOW	orf1ab	Gene_265_21554	transcript	QHD43415.1	protein_coding	1/2	c.552C>T	p.Arg184Arg	552/21291	552/21291	184/7096		
MN908947.3	974	.	GA	G	62.0	PASS	DP=6829;AF=0.000879;SB=21;DP4=3031,3792,6,0;INDEL;HRUN=3;ANN=G	frameshift_variant	HIGH	orf1ab	Gene_265_21554	transcript	QHD43415.1	protein_coding	1/2	c.712delA	p.Ile238fs	712/21291	712/21291	238/7096		INFO_REALIGN_3_PRIME
MN908947.3	981	.	CT	C	76.0	PASS	DP=6889;AF=0.001016;SB=5;DP4=3092,3790,5,2;INDEL;HRUN=2;ANN=C	frameshift_variant	HIGH	orf1ab	Gene_265_21554	transcript	QHD43415.1	protein_coding	1/2	c.718delT	p.Trp240fs	718/21291	718/21291	240/7096		INFO_REALIGN_3_PRIME
MN908947.3	1361	.	GT	G	64.0	PASS	DP=3206;AF=0.001560;SB=0;DP4=134,3101,0,5;INDEL;HRUN=2;ANN=G	frameshift_variant	HIGH	orf1ab	Gene_265_21554	transcript	QHD43415.1	protein_coding	1/2	c.1098delT	p.Ile368fs	1098/21291	1098/21291	366/7096		INFO_REALIGN_3_PRIME;LOF=(orf1ab
MN908947.3	1603	.	TA	T	269.0	PASS	DP=7544;AF=0.002519;SB=0;DP4=7393,132,19,0;INDEL;HRUN=2;ANN=T	frameshift_variant	HIGH	orf1ab	Gene_265_21554	transcript	QHD43415.1	protein_coding	1/2	c.1340delA	p.Asn447fs	1340/21291	1340/21291	447/7096		INFO_REALIGN_3_PRIME;LOF=(orf1ab
MN908947.3	1753	.	TA	T	65.0	PASS	DP=14844;AF=0.000539;SB=0;DP4=7411,7423,4,4;INDEL;HRUN=3;ANN=T	frameshift_variant	HIGH	orf1ab	Gene_265_21554	transcript	QHD43415.1	protein_coding	1/2	c.1491delA	p.Ala498fs	1491/21291	1491/21291	497/7096		INFO_REALIGN_3_PRIME;LOF=(orf1ab
MN908947.3	1800	.	CA	C	58.0	PASS	DP=14852;AF=0.000539;SB=0;DP4=7401,7443,4,4;INDEL;HRUN=4;ANN=C	frameshift_variant	HIGH	orf1ab	Gene_265_21554	transcript	QHD43415.1	protein_coding	1/2	c.1539delA	p.Gly514fs	1539/21291	1539/21291	513/7096		INFO_REALIGN_3_PRIME;LOF=(orf1ab
MN908947.3	2703	.	TCA	T	73.0	PASS	DP=4500;AF=0.001333;SB=0;DP4=2250,2244,3,3;INDEL;HRUN=1;ANN=T	frameshift_variant	HIGH	orf1ab	Gene_265_21554	transcript	QHD43415.1	protein_coding	1/2	c.2442_2443delAC	p.Leu815fs	2442/21291	2442/21291	814/7096		INFO_REALIGN_3_PRIME;LOF=(orf1ab
MN908947.3	3022	.	T	C	95.0	PASS	DP=2279;AF=0.004388;SB=0;DP4=1066,1203,5,5;ANN=C	synonymous_variant	LOW	orf1ab	Gene_265_21554	transcript	QHD43415.1	protein_coding	1/2	c.2757T>C	p.His919His	2757/21291	2757/21291	919/7096		
MN908947.3	3412	.	TA	T	56.0	PASS	DP=5535;AF=0.001084;SB=0;DP4=2759,2770,3,3;INDEL;HRUN=5;ANN=T	frameshift_variant	HIGH	orf1ab	Gene_265_21554	transcript	QHD43415.1	protein_coding	1/2	c.3152delA	p.Lys1051fs	3152/21291	3152/21291	1051/7096		INFO_REALIGN_3_PRIME;LOF=(orf1ab
MN908947.3	3543	.	CTAATGGACCACT	C	59.0	PASS	DP=4142;AF=0.001207;SB=13;DP4=1359,2778,4,1;INDEL;HRUN=1;ANN=C	disruptive_inframe_deletion	MODERATE	orf1ab	Gene_265_21554	transcript	QHD43415.1	protein_coding	1/2	c.3282_3293delTGGACCACTTAA	p.Asn1094_Leu1097del	3282/21291	3282/21291	1094/7096		INFO_REALIGN_3_PRIME
MN908947.3	3545	.	AATG	A	108.0	PASS	DP=4148;AF=0.001929;SB=0;DP4=1367,2773,2,6;INDEL;HRUN=2;ANN=A	disruptive_inframe_deletion	MODERATE	orf1ab	Gene_265_21554	transcript	QHD43415.1	protein_coding	1/2	c.3281_3283delATG	p.Asn1094_Gly1095delinsArg	3281/21291	3281/21291	1094/7096		
MN908947.3	3666	.	CTTATGAAAATT	C	160.0	PASS	DP=2782;AF=0.003595;SB=0;DP4=1392,1380,5,5;INDEL;HRUN=2;ANN=C	frameshift_variant	HIGH	orf1ab	Gene_265_21554	transcript	QHD43415.1	protein_coding	1/2	c.3405_3415delTGAAAATTTTA	p.Tyr1135fs	3405/21291	3405/21291	1135/7096		INFO_REALIGN_3_PRIME;LOF=(orf1ab
MN908947.3	3787	.	C	T	71.0	PASS	DP=1461;AF=0.004791;SB=0;DP4=62,1392,0,7;ANN=T	synonymous_variant	LOW	orf1ab	Gene_265_21554	transcript	QHD43415.1	protein_coding	1/2	c.3522C>T	p.Tyr1174Tyr	3522/21291	3522/21291	1174/7096		
MN908947.3	4116	.	CAT	C	174.0	PASS	DP=4651;AF=0.002580;SB=4;DP4=3323,1315,7,5;INDEL;HRUN=1;ANN=C	frameshift_variant	HIGH	orf1ab	Gene_265_21554	transcript	QHD43415.1	protein_coding	1/2	c.3857_3858delTA	p.Ile1286fs	3857/21291	3857/21291	1286/7096		INFO_REALIGN_3_PRIME;LOF=(orf1ab
MN908947.3	4173	.	CT	C	57.0	PASS	DP=4629;AF=0.001080;SB=16;DP4=3382,1254,1,4;INDEL;HRUN=1;ANN=C	frameshift_variant	HIGH	orf1ab	Gene_265_21554	transcript	QHD43415.1	protein_coding	1/2	c.3909delT	p.Lys1305fs	3909/21291	3909/21291	1303/7096		;LOF=(orf1ab
MN908947.3	4443	.	T	C	410.0	PASS	DP=6310;AF=0.006022;SB=2;DP4=2991,3279,16,22;ANN=C	missense_variant	MODERATE	orf1ab	Gene_265_21554	transcript	QHD43415.1	protein_coding	1/2	c.4178T>C	p.Val1393Ala	4178/21291	4178/21291	1393/7096		
MN908947.3	4456	.	C	T	243.0	PASS	DP=6220;AF=0.004502;SB=2;DP4=2997,3195,12,16;ANN=T	synonymous_variant	LOW	orf1ab	Gene_265_21554	transcript	QHD43415.1	protein_coding	1/2	c.4191C>T	p.Ala1397Ala	4191/21291	4191/21291	1397/7096		
MN908947.3	4530	.	TTTACTTTTACACCAGTA	T	65.0	PASS	DP=3131;AF=0.001597;SB=0;DP4=2998,122,5,0;INDEL;HRUN=4;ANN=T	frameshift_variant	HIGH	orf1ab	Gene_265_21554	transcript	QHD43415.1	protein_coding	1/2	c.4266_4282delTTACTTTTACACCAGTA	p.Phe1422fs	4266/21291	4266/21291	1422/7096		;LOF=(orf1ab
MN908947.3	4538	.	TA	T	134.0	PASS	DP=3235;AF=0.002782;SB=8;DP4=3000,225,7,2;INDEL;HRUN=1;ANN=T	frameshift_variant	HIGH	orf1ab	Gene_265_21554	transcript	QHD43415.1	protein_coding	1/2	c.4274delA	p.Tyr1425fs	4274/21291	4274/21291	1425/7096		;LOF=(orf1ab
MN908947.3	4897	.	C	T	257.0	PASS	DP=11458;AF=0.002967;SB=0;DP4=5722,5699,17,17;ANN=T	synonymous_variant	LOW	orf1ab	Gene_265_21554	transcript	QHD43415.1	protein_coding	1/2	c.4632C>T	p.Phe1544Phe	4632/21291	4632/21291	1544/7096		
MN908947.3	5035	.	T	C	73.0	PASS	DP=5737;AF=0.001917;SB=0;DP4=0,5724,0,11;ANN=C	synonymous_variant	LOW	orf1ab	Gene_265_21554	transcript	QHD43415.1	protein_coding	1/2	c.4770T>C	p.Tyr1590Tyr	4770/21291	4770/21291	1590/7096		
MN908947.3	5165	.	T	C	97.0	PASS	DP=981;AF=0.008155;SB=0;DP4=952,20,8,0;ANN=C	missense_variant	MODERATE	orf1ab	Gene_265_21554	transcript	QHD43415.1	protein_coding	1/2	c.4900T>C	p.Tyr1634His	4900/21291	4900/21291	1634/7096		
MN908947.3	5231	.	TG	T	58.0	PASS	DP=1913;AF=0.002091;SB=0;DP4=952,957,2,2;INDEL;HRUN=2;ANN=T	frameshift_variant	HIGH	orf1ab	Gene_265_21554	transcript	QHD43415.1	protein_coding	1/2	c.4968delG	p.Trp1656fs	4968/21291	4968/21291	1656/7096		INFO_REALIGN_3_PRIME;LOF=(orf1ab
MN908947.3	5457	.	C	T	382.0	PASS	DP=2760;AF=0.011957;SB=0;DP4=2726,1,33,0;ANN=T	missense_variant	MODERATE	orf1ab	Gene_265_21554	transcript	QHD43415.1	protein_coding	1/2	c.5192C>T	p.Thr1731Ile	5192/21291	5192/21291	1731/7096		
MN908947.3	5824	.	TA	T	467.0	PASS	DP=5854;AF=0.004783;SB=0;DP4=2915,2912,15,13;INDEL;HRUN=1;ANN=T	frameshift_variant	HIGH	orf1ab	Gene_265_21554	transcript	QHD43415.1	protein_coding	1/2	c.5560delA	p.Thr1854fs	5560/21291	5560/21291	1854/7096		;LOF=(orf1ab
MN908947.3	5909	.	TA	T	137.0	PASS	DP=9549;AF=0.001257;SB=6;DP4=6602,2927,6,6;INDEL;HRUN=1;ANN=T	frameshift_variant	HIGH	orf1ab	Gene_265_21554	transcript	QHD43415.1	protein_coding	1/2	c.5645delA	p.Tyr1882fs	5645/21291	5645/21291	1882/7096		;LOF=(orf1ab
MN908947.3	5909	.	TATA	T	80.0	PASS	DP=9549;AF=0.000838;SB=5;DP4=6602,2927,4,4;INDEL;HRUN=1;ANN=T	stop_gained&disruptive_inframe_deletion	HIGH	orf1ab	Gene_265_21554	transcript	QHD43415.1	protein_coding	1/2	c.5646_5648delTAA	p.Tyr1882_Lys1883delinsTer	5646/21291	5646/21291	1882/7096		INFO_REALIGN_3_PRIME;LOF=(orf1ab
MN908947.3	6044	.	AATT	A	397.0	PASS	DP=10313;AF=0.002715;SB=7;DP4=3688,6595,14,14;INDEL;HRUN=2;ANN=A	disruptive_inframe_deletion	MODERATE	orf1ab	Gene_265_21554	transcript	QHD43415.1	protein_coding	1/2	c.5780_5782delATT	p.Asn1927_Phe1928delinsIle	5780/21291	5780/21291	1927/7096		
MN908947.3	7011	.	C	T	508.0	PASS	DP=5344;AF=0.008795;SB=0;DP4=2661,2634,24,23;ANN=T	missense_variant	MODERATE	orf1ab	Gene_265_21554	transcript	QHD43415.1	protein_coding	1/2	c.6746C>T	p.Ala2249Val	6746/21291	6746/21291	2249/7096		
MN908947.3	7432	.	AT	A	56.0	PASS	DP=452;AF=0.006637;SB=0;DP4=5,449,0,3;INDEL;HRUN=4;ANN=A	frameshift_variant	HIGH	orf1ab	Gene_265_21554	transcript	QHD43415.1	protein_coding	1/2	c.7171delT	p.Tyr2391fs	7171/21291	7171/21291	2391/7096		INFO_REALIGN_3_PRIME;LOF=(orf1ab
MN908947.3	7436	.	TA	T	59.0	PASS	DP=452;AF=0.006637;SB=0;DP4=0,449,0,3;INDEL;HRUN=1;ANN=T	frameshift_variant	HIGH	orf1ab	Gene_265_21554	transcript	QHD43415.1	protein_coding	1/2	c.7172delA	p.Tyr2391fs	7172/21291	7172/21291	2391/7096		;LOF=(orf1ab
MN908947.3	7624	.	TA	T	74.0	PASS	DP=4380;AF=0.001370;SB=0;DP4=2187,2187,3,3;INDEL;HRUN=2;ANN=T	frameshift_variant	HIGH	orf1ab	Gene_265_21554	transcript	QHD43415.1	protein_coding	1/2	c.7361delA	p.Asn2454fs	7361/21291	7361/21291	2454/7096		INFO_REALIGN_3_PRIME;LOF=(orf1ab
MN908947.3	7625	.	AATT	A	176.0	PASS	DP=4380;AF=0.002740;SB=0;DP4=2182,2182,6,6;INDEL;HRUN=2;ANN=A	disruptive_inframe_deletion	MODERATE	orf1ab	Gene_265_21554	transcript	QHD43415.1	protein_coding	1/2	c.7361_7363delATT	p.Asn2454_Cys2455delinsSer	7361/21291	7361/21291	2454/7096		
MN908947.3	7813	.	TTC	T	123.0	PASS	DP=6642;AF=0.001506;SB=2;DP4=4436,2196,8,2;INDEL;HRUN=2;ANN=T	frameshift_variant	HIGH	orf1ab	Gene_265_21554	transcript	QHD43415.1	protein_coding	1/2	c.7557_7558delTC	p.His2520fs	7557/21291	7557/21291	2519/7096		INFO_REALIGN_3_PRIME;LOF=(orf1ab
MN908947.3	8281	.	CTA	C	55.0	PASS	DP=9280;AF=0.000647;SB=0;DP4=4641,4633,3,3;INDEL;HRUN=1;ANN=C	frameshift_variant	HIGH	orf1ab	Gene_265_21554	transcript	QHD43415.1	protein_coding	1/2	c.8020_8021delAT	p.Met2674fs	8020/21291	8020/21291	2674/7096		INFO_REALIGN_3_PRIME;LOF=(orf1ab
MN908947.3	8290	.	C	T	111.0	PASS	DP=9279;AF=0.001940;SB=0;DP4=4634,4627,9,9;ANN=T	synonymous_variant	LOW	orf1ab	Gene_265_21554	transcript	QHD43415.1	protein_coding	1/2	c.8025C>T	p.Leu2675Leu	8025/21291	8025/21291	2675/7096		
MN908947.3	8293	.	CTA	C	109.0	PASS	DP=9279;AF=0.001078;SB=0;DP4=4638,4632,5,5;INDEL;HRUN=1;ANN=C	frameshift_variant	HIGH	orf1ab	Gene_265_21554	transcript	QHD43415.1	protein_coding	1/2	c.8031_8032delTA	p.Tyr2677fs	8031/21291	8031/21291	2677/7096		INFO_REALIGN_3_PRIME;LOF=(orf1ab
MN908947.3	8311	.	C	T	970.0	PASS	DP=9280;AF=0.009052;SB=0;DP4=4597,4598,42,42;ANN=T	synonymous_variant	LOW	orf1ab	Gene_265_21554	transcript	QHD43415.1	protein_coding	1/2	c.8046C>T	p.Asn2682Asn	8046/21291	8046/21291	2682/7096		
MN908947.3	8782	.	C	T	49314.0	PASS	DP=1842;AF=0.999457;SB=16;DP4=0,1,1798,43;ANN=T	synonymous_variant	LOW	orf1ab	Gene_265_21554	transcript	QHD43415.1	protein_coding	1/2	c.8517C>T	p.Ser2839Ser	8517/21291	8517/21291	2839/7096		
MN908947.3	9733	.	CT	C	124.0	PASS	DP=4249;AF=0.002118;SB=1;DP4=2117,2123,5,4;INDEL;HRUN=3;ANN=C	frameshift_variant	HIGH	orf1ab	Gene_265_21554	transcript	QHD43415.1	protein_coding	1/2	c.9471delT	p.Phe3157fs	9471/21291	9471/21291	3157/7096		INFO_REALIGN_3_PRIME;LOF=(orf1ab
MN908947.3	10369	.	C	T	1140.0	PASS	DP=9603;AF=0.009684;SB=0;DP4=4769,4739,47,46;ANN=T	synonymous_variant	LOW	orf1ab	Gene_265_21554	transcript	QHD43415.1	protein_coding	1/2	c.10104C>T	p.Arg3368Arg	10104/21291	10104/21291	3368/7096		
MN908947.3	10660	.	TA	T	91.0	PASS	DP=4206;AF=0.001664;SB=0;DP4=4104,96,7,0;INDEL;HRUN=2;ANN=T	frameshift_variant	HIGH	orf1ab	Gene_265_21554	transcript	QHD43415.1	protein_coding	1/2	c.10397delA	p.Asn3466fs	10397/21291	10397/21291	3466/7096		INFO_REALIGN_3_PRIME;LOF=(orf1ab
MN908947.3	11049	.	T	C	91.0	PASS	DP=8212;AF=0.002070;SB=0;DP4=4126,4064,9,8;ANN=C	missense_variant	MODERATE	orf1ab	Gene_265_21554	transcript	QHD43415.1	protein_coding	1/2	c.10784T>C	p.Val3595Ala	10784/21291	10784/21291	3595/7096		
MN908947.3	11082	.	TG	T	226.0	PASS	DP=7026;AF=0.002420;SB=47;DP4=3970,4132,0,17;INDEL;HRUN=1;ANN=T	frameshift_variant	HIGH	orf1ab	Gene_265_21554	transcript	QHD43415.1	protein_coding	1/2	c.10818delG	p.Leu3606fs	10818/21291	10818/21291	3606/7096		;LOF=(orf1ab
MN908947.3	11083	.	G	T	710.0	PASS	DP=7027;AF=0.025046;SB=318;DP4=2729,4099,148,28;ANN=T	missense_variant	MODERATE	orf1ab	Gene_265_21554	transcript	QHD43415.1	protein_coding	1/2	c.10818G>T	p.Leu3606Phe	10818/21291	10818/21291	3606/7096		
MN908947.3	11296	.	TA	T	72.0	PASS	DP=4606;AF=0.001303;SB=0;DP4=2306,2294,3,3;INDEL;HRUN=2;ANN=T	frameshift_variant	HIGH	orf1ab	Gene_265_21554	transcript	QHD43415.1	protein_coding	1/2	c.11033delA	p.Lys3678fs	11033/21291	11033/21291	3678/7096		INFO_REALIGN_3_PRIME;LOF=(orf1ab
MN908947.3	11485	.	TA	T	237.0	PASS	DP=2953;AF=0.004741;SB=13;DP4=644,2292,0,14;INDEL;HRUN=1;ANN=T	frameshift_variant	HIGH	orf1ab	Gene_265_21554	transcript	QHD43415.1	protein_coding	1/2	c.11221delA	p.Thr3741fs	11221/21291	11221/21291	3741/7096		;LOF=(orf1ab
MN908947.3	11788	.	C	A	243.0	PASS	DP=8304;AF=0.007105;SB=18;DP4=7576,667,59,0;ANN=A	missense_variant	MODERATE	orf1ab	Gene_265_21554	transcript	QHD43415.1	protein_coding	1/2	c.11523C>A	p.Asn3841Lys	11523/21291	11523/21291	3841/7096		
MN908947.3	11789	.	AT	A	423.0	PASS	DP=8375;AF=0.003343;SB=7;DP4=7680,667,28,0;INDEL;HRUN=2;ANN=A	frameshift_variant	HIGH	orf1ab	Gene_265_21554	transcript	QHD43415.1	protein_coding	1/2	c.11526delT	p.Lys3843fs	11526/21291	11526/21291	3842/7096		INFO_REALIGN_3_PRIME;LOF=(orf1ab
MN908947.3	11794	.	AT	A	83.0	PASS	DP=8696;AF=0.000920;SB=0;DP4=8021,667,8,0;INDEL;HRUN=2;ANN=A	frameshift_variant	HIGH	orf1ab	Gene_265_21554	transcript	QHD43415.1	protein_coding	1/2	c.11531delT	p.Leu3844fs	11531/21291	11531/21291	3844/7096		INFO_REALIGN_3_PRIME;LOF=(orf1ab
MN908947.3	13162	.	TAC	T	101.0	PASS	DP=5126;AF=0.001561;SB=0;DP4=5118,0,8,0;INDEL;HRUN=1;ANN=T	frameshift_variant	HIGH	orf1ab	Gene_265_21554	transcript	QHD43415.1	protein_coding	1/2	c.12904_12905delAC	p.Thr4302fs	12904/21291	12904/21291	4302/7096		INFO_REALIGN_3_PRIME;LOF=(orf1ab
MN908947.3	13691	.	A	G	100.0	PASS	DP=4109;AF=0.002920;SB=0;DP4=25,4070,0,12;ANN=G	missense_variant	MODERATE	orf1ab	Gene_265_21554	transcript	QHD43415.1	protein_coding	2/2	c.13427A>G	p.Glu4476Gly	13427/21291	13427/21291	4476/7096		
MN908947.3	13728	.	TGCTA	T	60.0	PASS	DP=4085;AF=0.001224;SB=0;DP4=0,4080,0,5;INDEL;HRUN=1;ANN=T	frameshift_variant	HIGH	orf1ab	Gene_265_21554	transcript	QHD43415.1	protein_coding	2/2	c.13465_13468delGCTA	p.Ala4489fs	13465/21291	13465/21291	4489/7096		;LOF=(orf1ab
MN908947.3	13914	.	TA	T	145.0	PASS	DP=5229;AF=0.002295;SB=0;DP4=2605,2612,6,6;INDEL;HRUN=5;ANN=T	frameshift_variant	HIGH	orf1ab	Gene_265_21554	transcript	QHD43415.1	protein_coding	2/2	c.13655delA	p.Lys4552fs	13655/21291	13655/21291	4552/7096		INFO_REALIGN_3_PRIME;LOF=(orf1ab
MN908947.3	13948	.	GAT	G	116.0	PASS	DP=5220;AF=0.001724;SB=0;DP4=2595,2616,4,5;INDEL;HRUN=1;ANN=G	frameshift_variant	HIGH	orf1ab	Gene_265_21554	transcript	QHD43415.1	protein_coding	2/2	c.13689_13690delAT	p.Leu4564fs	13689/21291	13689/21291	4563/7096		INFO_REALIGN_3_PRIME;LOF=(orf1ab
MN908947.3	14076	.	CA	C	154.0	PASS	DP=6423;AF=0.001868;SB=26;DP4=3782,2629,12,0;INDEL;HRUN=2;ANN=C	frameshift_variant	HIGH	orf1ab	Gene_265_21554	transcript	QHD43415.1	protein_coding	2/2	c.13814delA	p.Asn4605fs	13814/21291	13814/21291	4605/7096		INFO_REALIGN_3_PRIME;LOF=(orf1ab
MN908947.3	14409	.	TAC	T	190.0	PASS	DP=4811;AF=0.002702;SB=3;DP4=868,3926,1,12;INDEL;HRUN=1;ANN=T	frameshift_variant	HIGH	orf1ab	Gene_265_21554	transcript	QHD43415.1	protein_coding	2/2	c.14147_14148delCA	p.Thr4716fs	14147/21291	14147/21291	4716/7096		INFO_REALIGN_3_PRIME;LOF=(orf1ab
MN908947.3	14410	.	ACAAGTT	A	385.0	PASS	DP=4815;AF=0.004777;SB=1;DP4=872,3920,3,20;INDEL;HRUN=1;ANN=A	disruptive_inframe_deletion	MODERATE	orf1ab	Gene_265_21554	transcript	QHD43415.1	protein_coding	2/2	c.14147_14152delCAAGTT	p.Thr4716_Phe4718delinsIle	14147/21291	14147/21291	4716/7096		
MN908947.3	14848	.	CTATTTG	C	211.0	PASS	DP=4637;AF=0.003019;SB=0;DP4=2316,2307,7,7;INDEL;HRUN=1;ANN=C	conservative_inframe_deletion	MODERATE	orf1ab	Gene_265_21554	transcript	QHD43415.1	protein_coding	2/2	c.14587_14592delTTTGTA	p.Phe4863_Val4864del	14587/21291	14587/21291	4863/7096		INFO_REALIGN_3_PRIME
MN908947.3	14850	.	ATTT	A	104.0	PASS	DP=4638;AF=0.001725;SB=0;DP4=2315,2307,4,4;INDEL;HRUN=3;ANN=A	conservative_inframe_deletion	MODERATE	orf1ab	Gene_265_21554	transcript	QHD43415.1	protein_coding	2/2	c.14587_14589delTTT	p.Phe4863del	14587/21291	14587/21291	4863/7096		
MN908947.3	14852	.	TTGTA	T	137.0	PASS	DP=4638;AF=0.002156;SB=0;DP4=2318,2310,5,5;INDEL;HRUN=3;ANN=T	frameshift_variant	HIGH	orf1ab	Gene_265_21554	transcript	QHD43415.1	protein_coding	2/2	c.14589_14592delTGTA	p.Phe4863fs	14589/21291	14589/21291	4863/7096		;LOF=(orf1ab
MN908947.3	14900	.	GTAT	G	369.0	PASS	DP=4642;AF=0.004739;SB=0;DP4=2307,2307,11,11;INDEL;HRUN=1;ANN=G	disruptive_inframe_deletion	MODERATE	orf1ab	Gene_265_21554	transcript	QHD43415.1	protein_coding	2/2	c.14639_14641delTTA	p.Ile4880del	14639/21291	14639/21291	4880/7096		INFO_REALIGN_3_PRIME
MN908947.3	15198	.	TGTA	T	91.0	PASS	DP=6745;AF=0.001186;SB=0;DP4=3371,3366,4,4;INDEL;HRUN=1;ANN=T	conservative_inframe_deletion	MODERATE	orf1ab	Gene_265_21554	transcript	QHD43415.1	protein_coding	2/2	c.14938_14940delGTA	p.Val4980del	14938/21291	14938/21291	4980/7096		INFO_REALIGN_3_PRIME
MN908947.3	15199	.	GTAGTAATT	G	63.0	PASS	DP=6745;AF=0.000890;SB=0;DP4=3367,3362,3,3;INDEL;HRUN=1;ANN=G	frameshift_variant	HIGH	orf1ab	Gene_265_21554	transcript	QHD43415.1	protein_coding	2/2	c.14936_14943delTAGTAATT	p.Val4979fs	14936/21291	14936/21291	4979/7096		;LOF=(orf1ab
MN908947.3	15199	.	GTA	G	122.0	PASS	DP=6745;AF=0.001483;SB=0;DP4=3367,3362,5,5;INDEL;HRUN=1;ANN=G	frameshift_variant	HIGH	orf1ab	Gene_265_21554	transcript	QHD43415.1	protein_coding	2/2	c.14936_14937delTA	p.Val4979fs	14936/21291	14936/21291	4979/7096		;LOF=(orf1ab
MN908947.3	15201	.	AGTAATT	A	154.0	PASS	DP=6745;AF=0.001779;SB=0;DP4=3366,3361,6,6;INDEL;HRUN=1;ANN=A	disruptive_inframe_deletion	MODERATE	orf1ab	Gene_265_21554	transcript	QHD43415.1	protein_coding	2/2	c.14939_14944delTAATTG	p.Val4980_Ile4981del	14939/21291	14939/21291	4980/7096		INFO_REALIGN_3_PRIME
MN908947.3	15201	.	AGTAATTG	A	63.0	PASS	DP=6745;AF=0.000890;SB=0;DP4=3366,3361,3,3;INDEL;HRUN=1;ANN=A	frameshift_variant	HIGH	orf1ab	Gene_265_21554	transcript	QHD43415.1	protein_coding	2/2	c.14939_14945delTAATTGG	p.Val4980fs	14939/21291	14939/21291	4980/7096		INFO_REALIGN_3_PRIME;LOF=(orf1ab
MN908947.3	15216	.	C	T	116.0	PASS	DP=6746;AF=0.002816;SB=0;DP4=3361,3363,9,10;ANN=T	synonymous_variant	LOW	orf1ab	Gene_265_21554	transcript	QHD43415.1	protein_coding	2/2	c.14952C>T	p.Ser4984Ser	14952/21291	14952/21291	4984/7096		
MN908947.3	15237	.	C	T	84.0	PASS	DP=6742;AF=0.002077;SB=0;DP4=3359,3367,7,7;ANN=T	synonymous_variant	LOW	orf1ab	Gene_265_21554	transcript	QHD43415.1	protein_coding	2/2	c.14973C>T	p.His4991His	14973/21291	14973/21291	4991/7096		
MN908947.3	15517	.	GT	G	58.0	PASS	DP=8186;AF=0.000855;SB=1;DP4=4086,4093,4,3;INDEL;HRUN=5;ANN=G	frameshift_variant	HIGH	orf1ab	Gene_265_21554	transcript	QHD43415.1	protein_coding	2/2	c.15258delT	p.Phe5086fs	15258/21291	15258/21291	5086/7096		INFO_REALIGN_3_PRIME;LOF=(orf1ab
MN908947.3	16515	.	TA	T	55.0	PASS	DP=1411;AF=0.002835;SB=0;DP4=703,704,2,2;INDEL;HRUN=5;ANN=T	frameshift_variant	HIGH	orf1ab	Gene_265_21554	transcript	QHD43415.1	protein_coding	2/2	c.16256delA	p.Asn5419fs	16256/21291	16256/21291	5419/7096		INFO_REALIGN_3_PRIME;LOF=(orf1ab
MN908947.3	16864	.	GT	G	108.0	PASS	DP=9333;AF=0.001071;SB=0;DP4=4645,4679,5,5;INDEL;HRUN=3;ANN=G	frameshift_variant	HIGH	orf1ab	Gene_265_21554	transcript	QHD43415.1	protein_coding	2/2	c.16603delT	p.Tyr5535fs	16603/21291	16603/21291	5535/7096		INFO_REALIGN_3_PRIME,G
MN908947.3	16975	.	GT	G	60.0	PASS	DP=7636;AF=0.000786;SB=14;DP4=2939,4691,5,1;INDEL;HRUN=2;ANN=G	frameshift_variant	HIGH	orf1ab	Gene_265_21554	transcript	QHD43415.1	protein_coding	2/2	c.16713delT	p.Arg5572fs	16713/21291	16713/21291	5571/7096		INFO_REALIGN_3_PRIME,G
MN908947.3	17200	.	TTAAAA	T	881.0	PASS	DP=8871;AF=0.005749;SB=15;DP4=5847,2971,26,25;INDEL;HRUN=2;ANN=T	frameshift_variant	HIGH	orf1ab	Gene_265_21554	transcript	QHD43415.1	protein_coding	2/2	c.16939_16943delAAATA	p.Lys5647fs	16939/21291	16939/21291	5647/7096		INFO_REALIGN_3_PRIME,T
MN908947.3	17201	.	TA	T	190.0	PASS	DP=8871;AF=0.001804;SB=7;DP4=5861,2986,8,8;INDEL;HRUN=4;ANN=T	frameshift_variant	HIGH	orf1ab	Gene_265_21554	transcript	QHD43415.1	protein_coding	2/2	c.16941delA	p.Lys5647fs	16941/21291	16941/21291	5647/7096		INFO_REALIGN_3_PRIME,T
MN908947.3	17201	.	TAAAATA	T	60.0	PASS	DP=8871;AF=0.000789;SB=1;DP4=5861,2986,4,3;INDEL;HRUN=4;ANN=T	disruptive_inframe_deletion	MODERATE	orf1ab	Gene_265_21554	transcript	QHD43415.1	protein_coding	2/2	c.16938_16943delAAAATA	p.Leu5646_Tyr5648delinsPhe	16938/21291	16938/21291	5646/7096		,T
MN908947.3	17353	.	TTTGATGAAA	T	56.0	PASS	DP=8743;AF=0.000686;SB=3;DP4=2869,5872,3,3;INDEL;HRUN=3;ANN=T	conservative_inframe_deletion	MODERATE	orf1ab	Gene_265_21554	transcript	QHD43415.1	protein_coding	2/2	c.17092_17100delGATGAAATT	p.Asp5698_Ile5700del	17092/21291	17092/21291	5698/7096		INFO_REALIGN_3_PRIME,T
MN908947.3	17359	.	GAAATT	G	56.0	PASS	DP=8703;AF=0.000689;SB=3;DP4=2869,5838,3,3;INDEL;HRUN=3;ANN=G	frameshift_variant	HIGH	orf1ab	Gene_265_21554	transcript	QHD43415.1	protein_coding	2/2	c.17096_17100delAAATT	p.Glu5699fs	17096/21291	17096/21291	5699/7096		,G
MN908947.3	18060	.	C	T	49314.0	PASS	DP=2545;AF=0.999214;SB=0;DP4=1,1,1266,1277;ANN=T	synonymous_variant	LOW	orf1ab	Gene_265_21554	transcript	QHD43415.1	protein_coding	2/2	c.17796C>T	p.Leu5932Leu	17796/21291	17796/21291	5932/7096		,T
MN908947.3	18350	.	AT	A	139.0	PASS	DP=1653;AF=0.004840;SB=0;DP4=823,819,4,4;INDEL;HRUN=3;ANN=A	frameshift_variant	HIGH	orf1ab	Gene_265_21554	transcript	QHD43415.1	protein_coding	2/2	c.18089delT	p.Leu6030fs	18089/21291	18089/21291	6030/7096		INFO_REALIGN_3_PRIME,A
MN908947.3	18353	.	TA	T	60.0	PASS	DP=1645;AF=0.002432;SB=0;DP4=818,822,2,2;INDEL;HRUN=1;ANN=T	frameshift_variant	HIGH	orf1ab	Gene_265_21554	transcript	QHD43415.1	protein_coding	2/2	c.18090delA	p.Leu6030fs	18090/21291	18090/21291	6030/7096		,T
MN908947.3	18742	.	TACGTCTA	T	100.0	PASS	DP=3058;AF=0.002289;SB=0;DP4=3,3012,0,7;INDEL;HRUN=1;ANN=T	frameshift_variant	HIGH	orf1ab	Gene_265_21554	transcript	QHD43415.1	protein_coding	2/2	c.18479_18485delACGTCTA	p.Tyr6160fs	18479/21291	18479/21291	6160/7096		,T
MN908947.3	18742	.	TA	T	751.0	PASS	DP=3058;AF=0.012099;SB=0;DP4=3,3012,0,37;INDEL;HRUN=1;ANN=T	frameshift_variant	HIGH	orf1ab	Gene_265_21554	transcript	QHD43415.1	protein_coding	2/2	c.18479delA	p.Tyr6160fs	18479/21291	18479/21291	6160/7096		,T
MN908947.3	18818	.	ATT	A	65.0	PASS	DP=6185;AF=0.000970;SB=3;DP4=3126,3051,2,4;INDEL;HRUN=2;ANN=A	frameshift_variant	HIGH	orf1ab	Gene_265_21554	transcript	QHD43415.1	protein_coding	2/2	c.18555_18556delTT	p.Tyr6185fs	18555/21291	18555/21291	6185/7096		,A
MN908947.3	18975	.	T	C	74.0	PASS	DP=6302;AF=0.001904;SB=0;DP4=3144,3142,6,6;ANN=C	synonymous_variant	LOW	orf1ab	Gene_265_21554	transcript	QHD43415.1	protein_coding	2/2	c.18711T>C	p.Val6237Val	18711/21291	18711/21291	6237/7096		,C
MN908947.3	19294	.	TTGTA	T	75.0	PASS	DP=4082;AF=0.001470;SB=0;DP4=2038,2038,3,3;INDEL;HRUN=3;ANN=T	frameshift_variant	HIGH	orf1ab	Gene_265_21554	transcript	QHD43415.1	protein_coding	2/2	c.19035_19038delTGTA	p.Tyr6345fs	19035/21291	19035/21291	6345/7096		INFO_REALIGN_3_PRIME,T
MN908947.3	19517	.	TGTA	T	216.0	PASS	DP=4203;AF=0.003331;SB=0;DP4=4185,0,14,0;INDEL;HRUN=1;ANN=T	disruptive_inframe_deletion	MODERATE	orf1ab	Gene_265_21554	transcript	QHD43415.1	protein_coding	2/2	c.19254_19256delGTA	p.Leu6418_Tyr6419delinsPhe	19254/21291	19254/21291	6418/7096		,T
MN908947.3	19637	.	CT	C	131.0	PASS	DP=8389;AF=0.001430;SB=0;DP4=4175,4200,6,6;INDEL;HRUN=4;ANN=C	frameshift_variant	HIGH	orf1ab	Gene_265_21554	transcript	QHD43415.1	protein_coding	2/2	c.19377delT	p.Phe6459fs	19377/21291	19377/21291	6459/7096		INFO_REALIGN_3_PRIME,C
MN908947.3	19684	.	G	T	79.0	PASS	DP=4216;AF=0.002846;SB=0;DP4=2,4202,0,12;ANN=T	missense_variant	MODERATE	orf1ab	Gene_265_21554	transcript	QHD43415.1	protein_coding	2/2	c.19420G>T	p.Val6474Leu	19420/21291	19420/21291	6474/7096		,T
MN908947.3	19903	.	CAT	C	90.0	PASS	DP=7025;AF=0.001139;SB=0;DP4=3507,3510,4,4;INDEL;HRUN=1;ANN=C	frameshift_variant	HIGH	orf1ab	Gene_265_21554	transcript	QHD43415.1	protein_coding	2/2	c.19644_19645delAT	p.Ser6549fs	19644/21291	19644/21291	6548/7096		INFO_REALIGN_3_PRIME,C
MN908947.3	20108	.	AT	A	83.0	PASS	DP=5429;AF=0.001289;SB=13;DP4=2090,3332,0,7;INDEL;HRUN=1;ANN=A	frameshift_variant	HIGH	orf1ab	Gene_265_21554	transcript	QHD43415.1	protein_coding	2/2	c.19845delT	p.Asn6615fs	19845/21291	19845/21291	6615/7096		,A
MN908947.3	20272	.	ATG	A	179.0	PASS	DP=4177;AF=0.002873;SB=0;DP4=2081,2083,6,6;INDEL;HRUN=1;ANN=A	frameshift_variant	HIGH	orf1ab	Gene_265_21554	transcript	QHD43415.1	protein_coding	2/2	c.20009_20010delTG	p.Met6670fs	20009/21291	20009/21291	6670/7096		,A
MN908947.3	20654	.	TA	T	108.0	PASS	DP=5655;AF=0.001592;SB=2;DP4=4947,699,9,0;INDEL;HRUN=1;ANN=T	frameshift_variant	HIGH	orf1ab	Gene_265_21554	transcript	QHD43415.1	protein_coding	2/2	c.20391delA	p.Leu6797fs	20391/21291	20391/21291	6797/7096		,T
MN908947.3	20844	.	CTA	C	104.0	PASS	DP=10383;AF=0.000963;SB=0;DP4=5175,5196,5,5;INDEL;HRUN=1;ANN=C	frameshift_variant	HIGH	orf1ab	Gene_265_21554	transcript	QHD43415.1	protein_coding	2/2	c.20583_20584delTA	p.Tyr6861fs	20583/21291	20583/21291	6861/7096		INFO_REALIGN_3_PRIME,C
MN908947.3	21077	.	C	T	98.0	PASS	DP=4989;AF=0.002606;SB=0;DP4=4975,0,13,0;ANN=T	missense_variant	MODERATE	orf1ab	Gene_265_21554	transcript	QHD43415.1	protein_coding	2/2	c.20813C>T	p.Thr6938Ile	20813/21291	20813/21291	6938/7096		,T
MN908947.3	21184	.	TG	T	120.0	PASS	DP=9914;AF=0.001110;SB=0;DP4=4951,4954,5,6;INDEL;HRUN=2;ANN=T	frameshift_variant	HIGH	orf1ab	Gene_265_21554	transcript	QHD43415.1	protein_coding	2/2	c.20922delG	p.Trp6974fs	20922/21291	20922/21291	6974/7096		INFO_REALIGN_3_PRIME,T
MN908947.3	21768	.	A	G	245.0	PASS	DP=3671;AF=0.007083;SB=0;DP4=1851,1794,13,13;ANN=G	missense_variant	MODERATE	S	Gene_21562_25383	transcript	QHD43416.1	protein_coding	1/1	c.206A>G	p.His69Arg	206/3822	206/3822	69/1273		,G
MN908947.3	21771	.	T	G	365.0	PASS	DP=3672;AF=0.008715;SB=0;DP4=1846,1793,17,15;ANN=G	missense_variant	MODERATE	S	Gene_21562_25383	transcript	QHD43416.1	protein_coding	1/1	c.209T>G	p.Val70Gly	209/3822	209/3822	70/1273		,G
MN908947.3	21782	.	A	C	68.0	PASS	DP=3673;AF=0.003267;SB=0;DP4=1857,1803,6,6;ANN=C	missense_variant	MODERATE	S	Gene_21562_25383	transcript	QHD43416.1	protein_coding	1/1	c.220A>C	p.Asn74His	220/3822	220/3822	74/1273		,C
MN908947.3	21797	.	T	C	80.0	PASS	DP=3673;AF=0.003539;SB=0;DP4=1855,1803,7,6;ANN=C	missense_variant	MODERATE	S	Gene_21562_25383	transcript	QHD43416.1	protein_coding	1/1	c.235T>C	p.Phe79Leu	235/3822	235/3822	79/1273		,C
MN908947.3	21799	.	T	A	670.0	PASS	DP=3673;AF=0.014157;SB=0;DP4=1836,1784,26,26;ANN=A	missense_variant	MODERATE	S	Gene_21562_25383	transcript	QHD43416.1	protein_coding	1/1	c.237T>A	p.Phe79Leu	237/3822	237/3822	79/1273		,A
MN908947.3	21849	.	A	C	804.0	PASS	DP=1879;AF=0.025013;SB=0;DP4=1,1825,0,47;ANN=C	missense_variant	MODERATE	S	Gene_21562_25383	transcript	QHD43416.1	protein_coding	1/1	c.287A>C	p.Glu96Ala	287/3822	287/3822	96/1273		,C
MN908947.3	21885	.	CTACTT	C	214.0	PASS	DP=4368;AF=0.003205;SB=51;DP4=2490,1864,0,14;INDEL;HRUN=1;ANN=C	frameshift_variant	HIGH	S	Gene_21562_25383	transcript	QHD43416.1	protein_coding	1/1	c.326_330delCTTTA	p.Thr109fs	326/3822	326/3822	109/1273		INFO_REALIGN_3_PRIME,C
MN908947.3	21992	.	TA	T	86.0	PASS	DP=2645;AF=0.002268;SB=0;DP4=2593,46,6,0;INDEL;HRUN=1;ANN=T	frameshift_variant	HIGH	S	Gene_21562_25383	transcript	QHD43416.1	protein_coding	1/1	c.431delA	p.Tyr144fs	431/3822	431/3822	144/1273		,T
MN908947.3	22009	.	C	A	233.0	PASS	DP=2664;AF=0.008258;SB=10;DP4=2576,63,20,2;ANN=A	missense_variant	MODERATE	S	Gene_21562_25383	transcript	QHD43416.1	protein_coding	1/1	c.447C>A	p.Asn149Lys	447/3822	447/3822	149/1273		,A
MN908947.3	22013	.	A	C	92.0	PASS	DP=2678;AF=0.005228;SB=0;DP4=2582,80,14,0;ANN=C	missense_variant	MODERATE	S	Gene_21562_25383	transcript	QHD43416.1	protein_coding	1/1	c.451A>C	p.Ser151Arg	451/3822	451/3822	151/1273		,C
MN908947.3	22094	.	G	A	277.0	PASS	DP=5181;AF=0.005790;SB=0;DP4=2562,2588,15,15;ANN=A	missense_variant	MODERATE	S	Gene_21562_25383	transcript	QHD43416.1	protein_coding	1/1	c.532G>A	p.Asp178Asn	532/3822	532/3822	178/1273		,A
MN908947.3	22100	.	G	A	74.0	PASS	DP=5182;AF=0.002316;SB=0;DP4=2571,2597,6,6;ANN=A	missense_variant	MODERATE	S	Gene_21562_25383	transcript	QHD43416.1	protein_coding	1/1	c.538G>A	p.Glu180Lys	538/3822	538/3822	180/1273		,A
MN908947.3	22101	.	A	G	73.0	PASS	DP=5182;AF=0.002509;SB=0;DP4=2572,2597,6,7;ANN=G	missense_variant	MODERATE	S	Gene_21562_25383	transcript	QHD43416.1	protein_coding	1/1	c.539A>G	p.Glu180Gly	539/3822	539/3822	180/1273		,G
MN908947.3	22105	.	A	G	71.0	PASS	DP=5180;AF=0.002317;SB=0;DP4=2570,2595,6,6;ANN=G	synonymous_variant	LOW	S	Gene_21562_25383	transcript	QHD43416.1	protein_coding	1/1	c.543A>G	p.Gly181Gly	543/3822	543/3822	181/1273		,G
MN908947.3	22110	.	A	G	2019.0	PASS	DP=5176;AF=0.023957;SB=0;DP4=2509,2539,61,63;ANN=G	missense_variant	MODERATE	S	Gene_21562_25383	transcript	QHD43416.1	protein_coding	1/1	c.548A>G	p.Gln183Arg	548/3822	548/3822	183/1273		,G
MN908947.3	22117	.	T	G	114.0	PASS	DP=5159;AF=0.004264;SB=0;DP4=2535,2585,11,11;ANN=G	missense_variant	MODERATE	S	Gene_21562_25383	transcript	QHD43416.1	protein_coding	1/1	c.555T>G	p.Asn185Lys	555/3822	555/3822	185/1273		,G
MN908947.3	22188	.	C	G	80.0	PASS	DP=5195;AF=0.002310;SB=33;DP4=2588,2595,0,12;ANN=G	missense_variant	MODERATE	S	Gene_21562_25383	transcript	QHD43416.1	protein_coding	1/1	c.626C>G	p.Pro209Arg	626/3822	626/3822	209/1273		,G
MN908947.3	22206	.	A	C	49314.0	PASS	DP=5195;AF=0.057363;SB=4;DP4=2029,2044,157,141;ANN=C	missense_variant	MODERATE	S	Gene_21562_25383	transcript	QHD43416.1	protein_coding	1/1	c.644A>C	p.Asp215Ala	644/3822	644/3822	215/1273		,C
MN908947.3	22206	.	A	G	18830.0	PASS	DP=5195;AF=0.144562;SB=0;DP4=2029,2044,372,379;ANN=G	missense_variant	MODERATE	S	Gene_21562_25383	transcript	QHD43416.1	protein_coding	1/1	c.644A>G	p.Asp215Gly	644/3822	644/3822	215/1273		,G
MN908947.3	22206	.	A	T	49314.0	PASS	DP=5195;AF=0.014052;SB=8;DP4=2029,2044,30,43;ANN=T	missense_variant	MODERATE	S	Gene_21562_25383	transcript	QHD43416.1	protein_coding	1/1	c.644A>T	p.Asp215Val	644/3822	644/3822	215/1273		,T
MN908947.3	22287	.	T	C	204.0	PASS	DP=2795;AF=0.006798;SB=0;DP4=2569,206,18,1;ANN=C	missense_variant	MODERATE	S	Gene_21562_25383	transcript	QHD43416.1	protein_coding	1/1	c.725T>C	p.Leu242Pro	725/3822	725/3822	242/1273		,C
MN908947.3	22290	.	CTTTACATAGAAGTTA	C	160.0	PASS	DP=2801;AF=0.003570;SB=7;DP4=2578,211,8,2;INDEL;HRUN=3;ANN=C	disruptive_inframe_deletion	MODERATE	S	Gene_21562_25383	transcript	QHD43416.1	protein_coding	1/1	c.732_746delACATAGAAGTTATTT	p.His245_Leu249del	732/3822	732/3822	244/1273		INFO_REALIGN_3_PRIME,C
MN908947.3	22296	.	A	G	33397.0	PASS	DP=2925;AF=0.383590;SB=0;DP4=1584,202,992,130;ANN=G	missense_variant	MODERATE	S	Gene_21562_25383	transcript	QHD43416.1	protein_coding	1/1	c.734A>G	p.His245Arg	734/3822	734/3822	245/1273		,G
MN908947.3	22301	.	A	C	640.0	PASS	DP=5149;AF=0.012041;SB=0;DP4=2544,2525,31,31;ANN=C	missense_variant	MODERATE	S	Gene_21562_25383	transcript	QHD43416.1	protein_coding	1/1	c.739A>C	p.Ser247Arg	739/3822	739/3822	247/1273		,C
MN908947.3	22338	.	C	A	82.0	PASS	DP=5158;AF=0.002714;SB=0;DP4=2571,2571,7,7;ANN=A	missense_variant	MODERATE	S	Gene_21562_25383	transcript	QHD43416.1	protein_coding	1/1	c.776C>A	p.Thr259Lys	776/3822	776/3822	259/1273		,A
MN908947.3	22742	.	AATG	A	59.0	PASS	DP=4166;AF=0.001200;SB=0;DP4=93,4080,0,5;INDEL;HRUN=2;ANN=A	disruptive_inframe_deletion	MODERATE	S	Gene_21562_25383	transcript	QHD43416.1	protein_coding	1/1	c.1181_1183delATG	p.Asn394_Val395delinsIle	1181/3822	1181/3822	394/1273		,A
MN908947.3	23132	.	GT	G	62.0	PASS	DP=7009;AF=0.000856;SB=7;DP4=4587,2418,2,4;INDEL;HRUN=3;ANN=G	frameshift_variant	HIGH	S	Gene_21562_25383	transcript	QHD43416.1	protein_coding	1/1	c.1573delT	p.Cys525fs	1573/3822	1573/3822	525/1273		INFO_REALIGN_3_PRIME,G
MN908947.3	23465	.	GT	G	115.0	PASS	DP=7907;AF=0.001265;SB=8;DP4=1645,6252,0,10;INDEL;HRUN=3;ANN=G	frameshift_variant	HIGH	S	Gene_21562_25383	transcript	QHD43416.1	protein_coding	1/1	c.1906delT	p.Tyr636fs	1906/3822	1906/3822	636/1273		INFO_REALIGN_3_PRIME,G
MN908947.3	23525	.	C	T	8390.0	PASS	DP=1661;AF=0.192053;SB=0;DP4=1,1340,0,319;ANN=T	missense_variant	MODERATE	S	Gene_21562_25383	transcript	QHD43416.1	protein_coding	1/1	c.1963C>T	p.His655Tyr	1963/3822	1963/3822	655/1273		,T
MN908947.3	23560	.	TGGTGCAGGTA	T	60.0	PASS	DP=1661;AF=0.002408;SB=0;DP4=1,1654,0,4;INDEL;HRUN=2;ANN=T	frameshift_variant	HIGH	S	Gene_21562_25383	transcript	QHD43416.1	protein_coding	1/1	c.1999_2008delGGTGCAGGTA	p.Gly667fs	1999/3822	1999/3822	667/1273		,T
MN908947.3	23582	.	TATCAGACTCAGACTA	T	4636.0	PASS	DP=2915;AF=0.059005;SB=415;DP4=1254,1489,1,171;INDEL;HRUN=1;ANN=T	conservative_inframe_deletion	MODERATE	S	Gene_21562_25383	transcript	QHD43416.1	protein_coding	1/1	c.2023_2037delCAGACTCAGACTAAT	p.Gln675_Asn679del	2023/3822	2023/3822	675/1273		INFO_REALIGN_3_PRIME,T
MN908947.3	23595	.	CTAATTCTCCTCGGCGGGCACG	C	651.0	PASS	DP=2903;AF=0.011023;SB=118;DP4=1223,1658,32,0;INDEL;HRUN=1;ANN=C	disruptive_inframe_deletion	MODERATE	S	Gene_21562_25383	transcript	QHD43416.1	protein_coding	1/1	c.2036_2056delATTCTCCTCGGCGGGCACGTA	p.Asn679_Arg685del	2036/3822	2036/3822	679/1273		INFO_REALIGN_3_PRIME,C
MN908947.3	23606	.	C	T	36987.0	PASS	DP=2862;AF=0.421034;SB=53;DP4=638,981,579,626;ANN=T	missense_variant	MODERATE	S	Gene_21562_25383	transcript	QHD43416.1	protein_coding	1/1	c.2044C>T	p.Arg682Trp	2044/3822	2044/3822	682/1273		,T
MN908947.3	23607	.	G	A	49314.0	PASS	DP=2856;AF=0.028711;SB=5;DP4=921,1144,31,51;ANN=A	missense_variant	MODERATE	S	Gene_21562_25383	transcript	QHD43416.1	protein_coding	1/1	c.2045G>A	p.Arg682Gln	2045/3822	2045/3822	682/1273		,A
MN908947.3	23607	.	G	T	18463.0	PASS	DP=2856;AF=0.235294;SB=16;DP4=921,1144,266,406;ANN=T	missense_variant	MODERATE	S	Gene_21562_25383	transcript	QHD43416.1	protein_coding	1/1	c.2045G>T	p.Arg682Leu	2045/3822	2045/3822	682/1273		,T
MN908947.3	23626	.	TAGTCAATCC	T	122.0	PASS	DP=2749;AF=0.002910;SB=27;DP4=1247,1495,8,0;INDEL;HRUN=1;ANN=T	disruptive_inframe_deletion	MODERATE	S	Gene_21562_25383	transcript	QHD43416.1	protein_coding	1/1	c.2066_2074delGTCAATCCA	p.Ser689_Ser691del	2066/3822	2066/3822	689/1273		INFO_REALIGN_3_PRIME,T
MN908947.3	23684	.	T	A	235.0	PASS	DP=1258;AF=0.012719;SB=0;DP4=1238,3,16,0;ANN=A	missense_variant	MODERATE	S	Gene_21562_25383	transcript	QHD43416.1	protein_coding	1/1	c.2122T>A	p.Ser708Thr	2122/3822	2122/3822	708/1273		,A
MN908947.3	24012	.	TTATTGAAGATCTA	T	55.0	PASS	DP=2204;AF=0.001815;SB=0;DP4=1098,1100,2,2;INDEL;HRUN=3;ANN=T	frameshift_variant	HIGH	S	Gene_21562_25383	transcript	QHD43416.1	protein_coding	1/1	c.2451_2463delTATTGAAGATCTA	p.Ile818fs	2451/3822	2451/3822	817/1273		,T
MN908947.3	24947	.	GTAA	G	122.0	PASS	DP=6751;AF=0.001481;SB=0;DP4=3372,3369,5,5;INDEL;HRUN=1;ANN=G	conservative_inframe_deletion	MODERATE	S	Gene_21562_25383	transcript	QHD43416.1	protein_coding	1/1	c.3388_3390delATA	p.Ile1130del	3388/3822	3388/3822	1130/1273		INFO_REALIGN_3_PRIME,G
MN908947.3	24952	.	AGGAATT	A	102.0	PASS	DP=6751;AF=0.001333;SB=0;DP4=3371,3371,5,4;INDEL;HRUN=2;ANN=A	disruptive_inframe_deletion	MODERATE	S	Gene_21562_25383	transcript	QHD43416.1	protein_coding	1/1	c.3392_3397delGAATTG	p.Gly1131_Ile1132del	3392/3822	3392/3822	1131/1273		INFO_REALIGN_3_PRIME,A
MN908947.3	25137	.	AT	A	61.0	PASS	DP=3927;AF=0.001273;SB=0;DP4=624,3298,0,5;INDEL;HRUN=3;ANN=A	frameshift_variant	HIGH	S	Gene_21562_25383	transcript	QHD43416.1	protein_coding	1/1	c.3578delT	p.Leu1193fs	3578/3822	3578/3822	1193/1273		INFO_REALIGN_3_PRIME,A
MN908947.3	25241	.	ATAG	A	194.0	PASS	DP=1244;AF=0.008039;SB=0;DP4=617,617,5,5;INDEL;HRUN=1;ANN=A	conservative_inframe_deletion	MODERATE	S	Gene_21562_25383	transcript	QHD43416.1	protein_coding	1/1	c.3682_3684delGTA	p.Val1228del	3682/3822	3682/3822	1228/1273		INFO_REALIGN_3_PRIME,A
MN908947.3	25517	.	CT	C	83.0	PASS	DP=3032;AF=0.001979;SB=7;DP4=2941,86,5,1;INDEL;HRUN=3;ANN=C	frameshift_variant	HIGH	ORF3a	Gene_25392_26219	transcript	QHD43417.1	protein_coding	1/1	c.128delT	p.Phe43fs	128/828	128/828	43/275		INFO_REALIGN_3_PRIME,C
MN908947.3	25572	.	CA	C	60.0	PASS	DP=5882;AF=0.001020;SB=0;DP4=2938,2938,3,3;INDEL;HRUN=4;ANN=C	frameshift_variant	HIGH	ORF3a	Gene_25392_26219	transcript	QHD43417.1	protein_coding	1/1	c.184delA	p.Ile62fs	184/828	184/828	62/275		INFO_REALIGN_3_PRIME,C
MN908947.3	25699	.	G	GC	65.0	PASS	DP=4937;AF=0.001215;SB=3;DP4=1982,2949,1,5;INDEL;HRUN=4;ANN=GC	frameshift_variant	HIGH	ORF3a	Gene_25392_26219	transcript	QHD43417.1	protein_coding	1/1	c.311dupC	p.Leu106fs	312/828	312/828	104/275		INFO_REALIGN_3_PRIME,GC
MN908947.3	25708	.	C	T	183.0	PASS	DP=5000;AF=0.004200;SB=2;DP4=2038,2939,7,14;ANN=T	missense_variant	MODERATE	ORF3a	Gene_25392_26219	transcript	QHD43417.1	protein_coding	1/1	c.316C>T	p.Leu106Phe	316/828	316/828	106/275		,T
MN908947.3	25810	.	C	T	77.0	PASS	DP=2168;AF=0.004151;SB=3;DP4=2040,119,8,1;ANN=T	missense_variant	MODERATE	ORF3a	Gene_25392_26219	transcript	QHD43417.1	protein_coding	1/1	c.418C>T	p.Leu140Phe	418/828	418/828	140/275		,T
MN908947.3	25826	.	ATT	A	55.0	PASS	DP=4067;AF=0.001229;SB=1;DP4=2035,2015,2,3;INDEL;HRUN=4;ANN=A	frameshift_variant	HIGH	ORF3a	Gene_25392_26219	transcript	QHD43417.1	protein_coding	1/1	c.437_438delTT	p.Phe146fs	437/828	437/828	146/275		INFO_REALIGN_3_PRIME,A
MN908947.3	25826	.	ATTT	A	70.0	PASS	DP=4067;AF=0.001475;SB=0;DP4=2035,2015,3,3;INDEL;HRUN=4;ANN=A	conservative_inframe_deletion	MODERATE	ORF3a	Gene_25392_26219	transcript	QHD43417.1	protein_coding	1/1	c.436_438delTTT	p.Phe146del	436/828	436/828	146/275		INFO_REALIGN_3_PRIME,A
MN908947.3	26231	.	A	C	77.0	PASS	DP=3265;AF=0.003063;SB=0;DP4=1629,1626,5,5;ANN=C	upstream_gene_variant	MODIFIER	E	Gene_26244_26471	transcript	QHD43418.1	protein_coding		c.-14A>C					14	,C
MN908947.3	26257	.	G	T	451.0	PASS	DP=3263;AF=0.010726;SB=0;DP4=1614,1614,18,17;ANN=T	missense_variant	MODERATE	E	Gene_26244_26471	transcript	QHD43418.1	protein_coding	1/1	c.13G>T	p.Val5Phe	13/228	13/228	5/75		,T
MN908947.3	26542	.	C	T	1173.0	PASS	DP=4808;AF=0.016639;SB=0;DP4=2367,2358,40,40;ANN=T	missense_variant	MODERATE	M	Gene_26522_27190	transcript	QHD43419.1	protein_coding	1/1	c.20C>T	p.Thr7Ile	20/669	20/669	7/222		,T
MN908947.3	26774	.	GGCTTGTCTTGTAGGCTTGATGTGGCTCAGCTACTTCATTGCTTCTTTCAGACTGTTT	G	60.0	PASS	DP=7620;AF=0.000787;SB=0;DP4=3803,3810,3,3;INDEL;HRUN=2;ANN=G	disruptive_inframe_deletion	MODERATE	M	Gene_26522_27190	transcript	QHD43419.1	protein_coding	1/1	c.255_311delTTGTCTTGTAGGCTTGATGTGGCTCAGCTACTTCATTGCTTCTTTCAGACTGTTTGC	p.Cys86_Ala104del	255/669	255/669	85/222		INFO_REALIGN_3_PRIME,G
MN908947.3	26775	.	GCTTGT	G	60.0	PASS	DP=7620;AF=0.000787;SB=0;DP4=3802,3810,3,3;INDEL;HRUN=1;ANN=G	frameshift_variant	HIGH	M	Gene_26522_27190	transcript	QHD43419.1	protein_coding	1/1	c.259_263delCTTGT	p.Leu87fs	259/669	259/669	87/222		INFO_REALIGN_3_PRIME,G
MN908947.3	26779	.	GTCTTGTAGGCTTGATGTGGCTCAGCTACTTCATTGCT	G	181.0	PASS	DP=7620;AF=0.001837;SB=0;DP4=3797,3805,7,7;INDEL;HRUN=1;ANN=G	frameshift_variant	HIGH	M	Gene_26522_27190	transcript	QHD43419.1	protein_coding	1/1	c.262_298delGTAGGCTTGATGTGGCTCAGCTACTTCATTGCTTCTT	p.Val88fs	262/669	262/669	88/222		INFO_REALIGN_3_PRIME,G
MN908947.3	26784	.	GTAGGCTTGATGTGGCTCAGCTACTTCATTGCTTCTT	G	87.0	PASS	DP=7620;AF=0.001050;SB=0;DP4=3801,3809,4,4;INDEL;HRUN=1;ANN=G	disruptive_inframe_deletion	MODERATE	M	Gene_26522_27190	transcript	QHD43419.1	protein_coding	1/1	c.264_299delAGGCTTGATGTGGCTCAGCTACTTCATTGCTTCTTT	p.Gly89_Phe100del	264/669	264/669	88/222		INFO_REALIGN_3_PRIME,G
MN908947.3	26966	.	T	G	108.0	PASS	DP=6730;AF=0.002526;SB=29;DP4=2898,3813,1,16;ANN=G	missense_variant	MODERATE	M	Gene_26522_27190	transcript	QHD43419.1	protein_coding	1/1	c.444T>G	p.His148Gln	444/669	444/669	148/222		,G
MN908947.3	27057	.	TA	T	117.0	PASS	DP=3104;AF=0.002577;SB=0;DP4=3095,0,8,0;INDEL;HRUN=1;ANN=T	frameshift_variant	HIGH	M	Gene_26522_27190	transcript	QHD43419.1	protein_coding	1/1	c.536delA	p.Tyr179fs	536/669	536/669	179/222		,T
MN908947.3	27131	.	CTA	C	358.0	PASS	DP=6187;AF=0.003717;SB=0;DP4=3080,3062,12,11;INDEL;HRUN=1;ANN=C	frameshift_variant	HIGH	M	Gene_26522_27190	transcript	QHD43419.1	protein_coding	1/1	c.612_613delTA	p.Tyr204fs	612/669	612/669	204/222		INFO_REALIGN_3_PRIME,C
MN908947.3	27131	.	CTATAAAT	C	341.0	PASS	DP=6187;AF=0.003556;SB=0;DP4=3080,3062,11,11;INDEL;HRUN=1;ANN=C	frameshift_variant	HIGH	M	Gene_26522_27190	transcript	QHD43419.1	protein_coding	1/1	c.612_618delTAAATTA	p.Tyr204fs	612/669	612/669	204/222		INFO_REALIGN_3_PRIME,C
MN908947.3	27133	.	ATAAAT	A	126.0	PASS	DP=6187;AF=0.001616;SB=0;DP4=3096,3077,5,5;INDEL;HRUN=1;ANN=A	frameshift_variant	HIGH	M	Gene_26522_27190	transcript	QHD43419.1	protein_coding	1/1	c.616_620delTTAAA	p.Leu206fs	616/669	616/669	206/222		INFO_REALIGN_3_PRIME,A
MN908947.3	27204	.	GT	G	94.0	PASS	DP=8481;AF=0.001061;SB=0;DP4=5380,3092,6,3;INDEL;HRUN=3;ANN=G	frameshift_variant	HIGH	ORF6	Gene_27201_27386	transcript	QHD43420.1	protein_coding	1/1	c.6delT	p.His3fs	6/186	6/186	2/61		INFO_REALIGN_3_PRIME,G
MN908947.3	27265	.	TTTAAAGTTTCCATTTGGAATCTTGATTA	T	99.0	PASS	DP=5424;AF=0.001475;SB=1;DP4=2321,3095,4,4;INDEL;HRUN=4;ANN=T	frameshift_variant	HIGH	ORF6	Gene_27201_27386	transcript	QHD43420.1	protein_coding	1/1	c.65_92delTTAAAGTTTCCATTTGGAATCTTGATTA	p.Phe22fs	65/186	65/186	22/61		,T
MN908947.3	27758	.	G	A	359.0	PASS	DP=5461;AF=0.006409;SB=0;DP4=2709,2711,18,17;ANN=A	splice_region_variant&stop_retained_variant	LOW	ORF7a	Gene_27393_27758	transcript	QHD43421.1	protein_coding	1/1	c.365G>A	p.Ter122Ter	365/366	365/366	122/121		,A
MN908947.3	27760	.	T	A	403.0	PASS	DP=5461;AF=0.007142;SB=0;DP4=2705,2707,20,19;ANN=A	upstream_gene_variant	MODIFIER	ORF8	Gene_27893_28258	transcript	QHD43422.1	protein_coding		c.-134T>A					134	,A
MN908947.3	27761	.	T	C	410.0	PASS	DP=5461;AF=0.007142;SB=0;DP4=2707,2710,20,19;ANN=C	upstream_gene_variant	MODIFIER	ORF8	Gene_27893_28258	transcript	QHD43422.1	protein_coding		c.-133T>C					133	,C
MN908947.3	27922	.	T	G	199.0	PASS	DP=5164;AF=0.004260;SB=4;DP4=2459,2679,13,9;ANN=G	missense_variant	MODERATE	ORF8	Gene_27893_28258	transcript	QHD43422.1	protein_coding	1/1	c.29T>G	p.Ile10Ser	29/366	29/366	10/121		,G
MN908947.3	28000	.	C	A	471.0	PASS	DP=4937;AF=0.008102;SB=0;DP4=2447,2448,20,20;ANN=A	missense_variant	MODERATE	ORF8	Gene_27893_28258	transcript	QHD43422.1	protein_coding	1/1	c.107C>A	p.Pro36Gln	107/366	107/366	36/121		,A
MN908947.3	28028	.	GTA	G	71.0	PASS	DP=4937;AF=0.001215;SB=0;DP4=2462,2469,3,3;INDEL;HRUN=1;ANN=G	frameshift_variant	HIGH	ORF8	Gene_27893_28258	transcript	QHD43422.1	protein_coding	1/1	c.139_140delAT	p.Ile47fs	139/366	139/366	47/121		INFO_REALIGN_3_PRIME,G
MN908947.3	28147	.	CT	C	72.0	PASS	DP=6387;AF=0.001096;SB=13;DP4=3899,2481,7,0;INDEL;HRUN=4;ANN=C	frameshift_variant	HIGH	ORF8	Gene_27893_28258	transcript	QHD43422.1	protein_coding	1/1	c.258delT	p.Phe86fs	258/366	258/366	86/121		INFO_REALIGN_3_PRIME,C
MN908947.3	28853	.	T	A	197.0	PASS	DP=2945;AF=0.006112;SB=35;DP4=1815,1112,18,0;ANN=A	missense_variant	MODERATE	N	Gene_28273_29532	transcript	QHD43423.2	protein_coding	1/1	c.580T>A	p.Ser194Thr	580/1260	580/1260	194/419		,A
MN908947.3	28987	.	CCAA	C	167.0	PASS	DP=3649;AF=0.003015;SB=0;DP4=1823,1815,6,5;INDEL;HRUN=2;ANN=C	conservative_inframe_deletion	MODERATE	N	Gene_28273_29532	transcript	QHD43423.2	protein_coding	1/1	c.724_726delCAA	p.Gln242del	724/1260	724/1260	242/419		INFO_REALIGN_3_PRIME,C
MN908947.3	29051	.	C	CA	97.0	PASS	DP=3643;AF=0.002196;SB=21;DP4=1817,1819,0,8;INDEL;HRUN=5;ANN=CA	frameshift_variant	HIGH	N	Gene_28273_29532	transcript	QHD43423.2	protein_coding	1/1	c.783dupA	p.Arg262fs	784/1260	784/1260	262/419		INFO_REALIGN_3_PRIME,CA
MN908947.3	29074	.	ATACAATG	A	95.0	PASS	DP=1889;AF=0.003176;SB=0;DP4=71,1822,0,6;INDEL;HRUN=1;ANN=A	frameshift_variant	HIGH	N	Gene_28273_29532	transcript	QHD43423.2	protein_coding	1/1	c.804_810delCAATGTA	p.Tyr268fs	804/1260	804/1260	268/419		INFO_REALIGN_3_PRIME,A
MN908947.3	29163	.	AT	A	61.0	PASS	DP=7117;AF=0.000843;SB=4;DP4=5280,1831,6,0;INDEL;HRUN=2;ANN=A	frameshift_variant	HIGH	N	Gene_28273_29532	transcript	QHD43423.2	protein_coding	1/1	c.892delT	p.Tyr298fs	892/1260	892/1260	298/419		INFO_REALIGN_3_PRIME,A
MN908947.3	29377	.	TA	T	84.0	PASS	DP=10714;AF=0.000933;SB=0;DP4=5354,5349,5,5;INDEL;HRUN=5;ANN=T	frameshift_variant	HIGH	N	Gene_28273_29532	transcript	QHD43423.2	protein_coding	1/1	c.1109delA	p.Lys370fs	1109/1260	1109/1260	370/419		INFO_REALIGN_3_PRIME,T
MN908947.3	29386	.	CA	C	135.0	PASS	DP=10704;AF=0.001308;SB=0;DP4=5338,5352,7,7;INDEL;HRUN=5;ANN=C	frameshift_variant	HIGH	N	Gene_28273_29532	transcript	QHD43423.2	protein_coding	1/1	c.1118delA	p.Lys373fs	1118/1260	1118/1260	373/419		INFO_REALIGN_3_PRIME,C
MN908947.3	29527	.	G	T	352.0	PASS	DP=9828;AF=0.003968;SB=7;DP4=4446,5338,22,17;ANN=T	missense_variant	MODERATE	N	Gene_28273_29532	transcript	QHD43423.2	protein_coding	1/1	c.1254G>T	p.Gln418His	1254/1260	1254/1260	418/419		,T
MN908947.3	29627	.	C	T	75.0	PASS	DP=8902;AF=0.001910;SB=0;DP4=4451,4432,9,8;ANN=T	missense_variant	MODERATE	ORF10	Gene_29557_29673	transcript	QHI42199.1	protein_coding	1/1	c.70C>T	p.Arg24Cys	70/117	70/117	24/38		,T
MN908947.3	29687	.	AGT	A	56.0	PASS	DP=8904;AF=0.000674;SB=0;DP4=4451,4447,3,3;INDEL;HRUN=1;ANN=A	downstream_gene_variant	MODIFIER	S	Gene_21562_25383	transcript	QHD43416.1	protein_coding		c.*4304_*4305delGT					4304	,A
MN908947.3	29725	.	AT	A	67.0	PASS	DP=4550;AF=0.001319;SB=0;DP4=93,4451,0,6;INDEL;HRUN=4;ANN=A	downstream_gene_variant	MODIFIER	S	Gene_21562_25383	transcript	QHD43416.1	protein_coding		c.*4342delT					4342	,A
MN908947.3	29747	.	GTACGATCGAGTGTACAGTGAACAATGCTAGGGAGAGCTGCC	G	89.0	PASS	DP=4534;AF=0.001544;SB=0;DP4=72,4452,0,7;INDEL;HRUN=1;ANN=G	downstream_gene_variant	MODIFIER	S	Gene_21562_25383	transcript	QHD43416.1	protein_coding		c.*4364_*4404delTACGATCGAGTGTACAGTGAACAATGCTAGGGAGAGCTGCC					4364	,G
MN908947.3	29747	.	GTACGATCGAGTGTACAGTGAACAATGC	G	89.0	PASS	DP=4534;AF=0.001544;SB=0;DP4=72,4452,0,7;INDEL;HRUN=1;ANN=G	downstream_gene_variant	MODIFIER	S	Gene_21562_25383	transcript	QHD43416.1	protein_coding		c.*4364_*4390delTACGATCGAGTGTACAGTGAACAATGC					4364	,G
MN908947.3	29759	.	GTACAGTGAACAATGCTAGGGAGAGCTGCC	G	58.0	PASS	DP=4470;AF=0.001119;SB=0;DP4=10,4463,0,5;INDEL;HRUN=1;ANN=G	downstream_gene_variant	MODIFIER	S	Gene_21562_25383	transcript	QHD43416.1	protein_coding		c.*4376_*4404delTACAGTGAACAATGCTAGGGAGAGCTGCC					4376	,G
